Name,Email,Phone,Description
"Miss Mandy Runolfsdottir V",wmiller@gmail.com,+1-364-703-3903,"Voluptatem quibusdam eius tenetur modi quod eos quibusdam. Veniam minima earum dolores iste vero voluptatem. Corrupti enim sit quo inventore sunt repudiandae architecto labore."
"Prof. Mariano Mohr DDS",loyce87@kiehn.com,+14348357729,"Et ratione quasi a distinctio sed quidem non. Ducimus ut blanditiis nostrum qui beatae aut quae. Ad quo accusamus eos aliquid porro quis."
"Mrs. Bernita Kshlerin",vesta.schumm@damore.com,1-847-897-6622,"Eos a consequatur esse adipisci error. In et maiores et quis doloribus nesciunt aspernatur voluptas. Quisquam occaecati aspernatur quia ut praesentium voluptatem."
"Prof. Emmet Leannon",kattie33@hotmail.com,989.700.6415,"Error ipsa ut et earum vel ipsum. Recusandae eum eos vel cum laudantium. Quaerat alias natus fuga blanditiis aut repellendus. Ipsam dolores praesentium aspernatur quia esse."
"Kristin Von",cheyanne38@hotmail.com,"(503) 986-8225","Sunt et quasi magnam explicabo. Ea dolores a aliquam. Voluptatem sunt soluta est excepturi consequatur. Voluptate similique distinctio dignissimos animi."
"Liana Leffler",lyda.bogan@hotmail.com,+1-567-548-3394,"Odio nihil rerum rerum consectetur repellendus neque. Occaecati ab officiis consequuntur saepe."
"Tracy Jerde",jed.jast@satterfield.biz,+18062139830,"Ducimus aperiam quae deleniti sunt nihil ad. Pariatur dolor sint nemo magni. Est nihil aliquid sed eaque."
"Chaya Sipes IV",vdaniel@beer.com,"(769) 291-2973","Sed soluta at perspiciatis accusantium sed quasi. Dignissimos dolore vel ipsum quis molestiae enim in deserunt. Sed est et qui enim natus harum et. Aut distinctio eum quam saepe mollitia."
"Mr. Lane Reilly DDS",mueller.braden@yahoo.com,854-638-4743,"Cumque et est soluta. Quia harum numquam non alias et labore aut. Sit aperiam provident officiis iure vitae."
"Floy White",kertzmann.tyree@ryan.com,"(661) 372-3157","Quibusdam blanditiis consequatur sit. Est porro aperiam aut quisquam. Voluptas qui atque expedita sequi blanditiis mollitia."